{
  "poa": {
    "2.01": {
      "col5_2025": 597.1574721574721,
      "col6_2026": 622.0447207113872
    },
    "2.02": {
      "col5_2025": 691.206941206941,
      "col6_2026": 720.0138133471464
    }
  },
  "acta32": {
    "2.01": {
      "col3_cant": 141795.55000000002,
      "col4_vunit": 597.1574721574721
    },
    "2.02": {
      "col3_cant": 15175.46,
      "col4_vunit": 691.206941206941
    }
  }
}